,regional_division,population,count_articles,art_per_pop
1,Northeast,53414201,5217,0.0071116697088127725
0,Midwest,66819672,8330,0.0016416070327785373
3,West,78743364,2491,0.0008178912982735631
2,South,128044389,5476,0.0007441029231857769
